Quang Tri,
Thua Thien,
Quang Nam,
Quang Tin,
Quang Ngai,
Kontum,
Binh Dinh,
Pleiku,
Phu Bon,
Phu Yen,
Darlac,
Khanh Hoa,
Quang Duc,
Tuyen Duc,
Ninh Thuan,
Lam Dong,
Binh Thuan,
Phuoc Long,
Binh Long,
Tay Ninh,
Binh Duong,
Long Khanh,
Hau Nghia,
Bien Hoa,
Binh Tuy,
Long An,
Gia Dinh,
Phuoc Tuy,
Kien Tuong,
Kien Phong,
Chau Doc,
Kien Giang,
An Giang,
Sa Dec,
Dinh Tuong,
Go Cong,
Vinh Long,
Kien Hoa,
Phong Dinh,
Vinh Binh,
Chuong Thien,
Ba Xuyen,
Bac Lieu,
An Xuyen,
An Giang,Chau Doc
An Giang,Kien Phong
An Giang,Sa Dec
An Giang,Phong Dinh
An Giang,Kien Giang
An Xuyen,Kien Giang
An Xuyen,Chuong Thien
